Project Name,Package Name,Type Name,MethodName,LOC,CC,PC
EventBus,org.greenrobot.eventbusp.annotationprocessor,EventBusAnnotationProcessor,getSupportedSourceVersion,3,1,0
EventBus,org.greenrobot.eventbusp.annotationprocessor,EventBusAnnotationProcessor,process,36,7,2
EventBus,org.greenrobot.eventbusp.annotationprocessor,EventBusAnnotationProcessor,processAnnotations,11,2,3
EventBus,org.greenrobot.eventbusp.annotationprocessor,EventBusAnnotationProcessor,collectSubscribers,17,5,3
EventBus,org.greenrobot.eventbusp.annotationprocessor,EventBusAnnotationProcessor,checkHasNoErrors,16,4,2
EventBus,org.greenrobot.eventbusp.annotationprocessor,EventBusAnnotationProcessor,checkForSubscribersToSkip,50,14,2
EventBus,org.greenrobot.eventbusp.annotationprocessor,EventBusAnnotationProcessor,getParamTypeMirror,13,4,2
EventBus,org.greenrobot.eventbusp.annotationprocessor,EventBusAnnotationProcessor,getSuperclass,15,3,1
EventBus,org.greenrobot.eventbusp.annotationprocessor,EventBusAnnotationProcessor,getClassString,14,4,2
EventBus,org.greenrobot.eventbusp.annotationprocessor,EventBusAnnotationProcessor,cutPackage,8,2,2
EventBus,org.greenrobot.eventbusp.annotationprocessor,EventBusAnnotationProcessor,getPackageElement,7,2,1
EventBus,org.greenrobot.eventbusp.annotationprocessor,EventBusAnnotationProcessor,writeCreateSubscriberMethods,32,5,4
EventBus,org.greenrobot.eventbusp.annotationprocessor,EventBusAnnotationProcessor,createInfoIndexFile,52,3,1
EventBus,org.greenrobot.eventbusp.annotationprocessor,EventBusAnnotationProcessor,writeIndexLines,17,4,2
EventBus,org.greenrobot.eventbusp.annotationprocessor,EventBusAnnotationProcessor,isVisible,20,4,2
EventBus,org.greenrobot.eventbusp.annotationprocessor,EventBusAnnotationProcessor,writeLine,3,1,3
EventBus,org.greenrobot.eventbusp.annotationprocessor,EventBusAnnotationProcessor,writeLine,23,5,4
EventBus,org.greenrobot.eventbusp.annotationprocessor,EventBusAnnotationProcessor,writeIndent,5,2,2
EventBus,org.greenrobot.eventbusp,Poster,enqueue,0,1,2
EventBus,org.greenrobot.eventbusp,SubscriberMethod,SubscriberMethod,7,1,1
EventBus,org.greenrobot.eventbusp,SubscriberMethod,Builder,4,1,2
EventBus,org.greenrobot.eventbusp,SubscriberMethod,threadMode,4,1,1
EventBus,org.greenrobot.eventbusp,SubscriberMethod,priority,4,1,1
EventBus,org.greenrobot.eventbusp,SubscriberMethod,sticky,4,1,1
EventBus,org.greenrobot.eventbusp,SubscriberMethod,build,3,1,0
EventBus,org.greenrobot.eventbusp,SubscriberMethod,builder,3,1,2
EventBus,org.greenrobot.eventbusp,SubscriberMethod,equals,14,3,1
EventBus,org.greenrobot.eventbusp,SubscriberMethod,checkMethodString,9,2,0
EventBus,org.greenrobot.eventbusp,SubscriberMethod,hashCode,3,1,0
EventBus,org.greenrobot.eventbusp,Builder,Builder,4,1,2
EventBus,org.greenrobot.eventbusp,Builder,threadMode,4,1,1
EventBus,org.greenrobot.eventbusp,Builder,priority,4,1,1
EventBus,org.greenrobot.eventbusp,Builder,sticky,4,1,1
EventBus,org.greenrobot.eventbusp,Builder,build,3,1,0
EventBus,org.greenrobot.eventbusp,EventBus,initialValue,3,1,0
EventBus,org.greenrobot.eventbusp,EventBus,getDefault,12,3,0
EventBus,org.greenrobot.eventbusp,EventBus,builder,3,1,0
EventBus,org.greenrobot.eventbusp,EventBus,clearCaches,4,1,0
EventBus,org.greenrobot.eventbusp,EventBus,EventBus,3,1,0
EventBus,org.greenrobot.eventbusp,EventBus,EventBus,19,1,1
EventBus,org.greenrobot.eventbusp,EventBus,register,12,3,1
EventBus,org.greenrobot.eventbusp,EventBus,subscribe,43,10,2
EventBus,org.greenrobot.eventbusp,EventBus,checkPostStickyEventToSubscription,5,2,2
EventBus,org.greenrobot.eventbusp,EventBus,isMainThread,3,1,0
EventBus,org.greenrobot.eventbusp,EventBus,isRegistered,3,1,1
EventBus,org.greenrobot.eventbusp,EventBus,unsubscribeByEventType,15,4,2
EventBus,org.greenrobot.eventbusp,EventBus,unregister,12,3,1
EventBus,org.greenrobot.eventbusp,EventBus,post,21,4,1
EventBus,org.greenrobot.eventbusp,EventBus,cancelEventDelivery,16,5,1
EventBus,org.greenrobot.eventbusp,EventBus,postSticky,6,1,1
EventBus,org.greenrobot.eventbusp,EventBus,getStickyEvent,5,1,1
EventBus,org.greenrobot.eventbusp,EventBus,removeStickyEvent,5,1,1
EventBus,org.greenrobot.eventbusp,EventBus,removeStickyEvent,13,2,1
EventBus,org.greenrobot.eventbusp,EventBus,removeAllStickyEvents,5,1,0
EventBus,org.greenrobot.eventbusp,EventBus,hasSubscriberForEvent,17,4,1
EventBus,org.greenrobot.eventbusp,EventBus,postSingleEvent,23,6,2
EventBus,org.greenrobot.eventbusp,EventBus,postSingleEventForEventType,27,4,3
EventBus,org.greenrobot.eventbusp,EventBus,postToSubscription,36,9,3
EventBus,org.greenrobot.eventbusp,EventBus,lookupAllEventTypes,16,3,1
EventBus,org.greenrobot.eventbusp,EventBus,addInterfaces,8,3,2
EventBus,org.greenrobot.eventbusp,EventBus,invokeSubscriber,8,2,1
EventBus,org.greenrobot.eventbusp,EventBus,invokeSubscriber,11,1,2
EventBus,org.greenrobot.eventbusp,EventBus,handleSubscriberException,21,6,3
EventBus,org.greenrobot.eventbusp,EventBus,getExecutorService,3,1,0
EventBus,org.greenrobot.eventbusp,EventBus,getLogger,3,1,0
EventBus,org.greenrobot.eventbusp,EventBus,onPostCompleted,0,1,1
EventBus,org.greenrobot.eventbusp,EventBus,toString,3,1,0
EventBus,org.greenrobot.eventbusp,PostCallback,onPostCompleted,0,1,1
EventBus,org.greenrobot.eventbusp,PendingPost,PendingPost,4,1,2
EventBus,org.greenrobot.eventbusp,PendingPost,obtainPendingPost,13,2,2
EventBus,org.greenrobot.eventbusp,PendingPost,releasePendingPost,10,2,1
EventBus,org.greenrobot.eventbusp,Logger,log,0,1,2
EventBus,org.greenrobot.eventbusp,Logger,log,0,1,3
EventBus,org.greenrobot.eventbusp,Logger,JavaLogger,3,1,1
EventBus,org.greenrobot.eventbusp,Logger,log,3,1,2
EventBus,org.greenrobot.eventbusp,Logger,log,3,1,3
EventBus,org.greenrobot.eventbusp,Logger,log,3,1,2
EventBus,org.greenrobot.eventbusp,Logger,log,4,1,3
EventBus,org.greenrobot.eventbusp,Logger,get,6,2,0
EventBus,org.greenrobot.eventbusp,JavaLogger,JavaLogger,3,1,1
EventBus,org.greenrobot.eventbusp,JavaLogger,log,3,1,2
EventBus,org.greenrobot.eventbusp,JavaLogger,log,3,1,3
EventBus,org.greenrobot.eventbusp,SystemOutLogger,log,3,1,2
EventBus,org.greenrobot.eventbusp,SystemOutLogger,log,4,1,3
EventBus,org.greenrobot.eventbusp,Default,get,6,2,0
EventBus,org.greenrobot.eventbusp,SubscriberExceptionEvent,SubscriberExceptionEvent,6,1,4
EventBus,org.greenrobot.eventbusp,EventBusException,EventBusException,3,1,1
EventBus,org.greenrobot.eventbusp,EventBusException,EventBusException,3,1,1
EventBus,org.greenrobot.eventbusp,EventBusException,EventBusException,3,1,2
EventBus,org.greenrobot.eventbusp,SubscriberMethodFinder,SubscriberMethodFinder,5,1,3
EventBus,org.greenrobot.eventbusp,SubscriberMethodFinder,findSubscriberMethods,19,4,1
EventBus,org.greenrobot.eventbusp,SubscriberMethodFinder,findUsingInfo,20,5,1
EventBus,org.greenrobot.eventbusp,SubscriberMethodFinder,getMethodsAndRelease,13,3,1
EventBus,org.greenrobot.eventbusp,SubscriberMethodFinder,prepareFindState,12,3,0
EventBus,org.greenrobot.eventbusp,SubscriberMethodFinder,getSubscriberInfo,17,6,1
EventBus,org.greenrobot.eventbusp,SubscriberMethodFinder,findUsingReflection,9,2,1
EventBus,org.greenrobot.eventbusp,SubscriberMethodFinder,findUsingReflectionInSingleClass,46,9,1
EventBus,org.greenrobot.eventbusp,SubscriberMethodFinder,clearCaches,3,1,0
EventBus,org.greenrobot.eventbusp,SubscriberMethodFinder,initForSubscriber,5,1,1
EventBus,org.greenrobot.eventbusp,SubscriberMethodFinder,recycle,10,1,0
EventBus,org.greenrobot.eventbusp,SubscriberMethodFinder,checkAdd,15,4,2
EventBus,org.greenrobot.eventbusp,SubscriberMethodFinder,checkAddWithMethodSignature,15,2,2
EventBus,org.greenrobot.eventbusp,SubscriberMethodFinder,moveToSuperclass,12,3,0
EventBus,org.greenrobot.eventbusp,FindState,initForSubscriber,5,1,1
EventBus,org.greenrobot.eventbusp,FindState,recycle,10,1,0
EventBus,org.greenrobot.eventbusp,FindState,checkAdd,15,4,2
EventBus,org.greenrobot.eventbusp,FindState,checkAddWithMethodSignature,15,2,2
EventBus,org.greenrobot.eventbusp,FindState,moveToSuperclass,12,3,0
EventBus,org.greenrobot.eventbusp,PendingPostQueue,enqueue,16,4,1
EventBus,org.greenrobot.eventbusp,PendingPostQueue,poll,10,3,0
EventBus,org.greenrobot.eventbusp,PendingPostQueue,poll,6,2,1
EventBus,org.greenrobot.eventbusp,NoSubscriberEvent,NoSubscriberEvent,4,1,2
EventBus,org.greenrobot.eventbusp,MainThreadSupport,isMainThread,0,1,0
EventBus,org.greenrobot.eventbusp,MainThreadSupport,createPoster,0,1,1
EventBus,org.greenrobot.eventbusp,Subscription,Subscription,5,1,2
EventBus,org.greenrobot.eventbusp,Subscription,equals,9,2,1
EventBus,org.greenrobot.eventbusp,Subscription,hashCode,3,1,0
EventBus,org.greenrobot.eventbusp,AsyncPoster,AsyncPoster,4,1,1
EventBus,org.greenrobot.eventbusp,AsyncPoster,enqueue,5,1,2
EventBus,org.greenrobot.eventbusp,AsyncPoster,run,7,2,0
EventBus,org.greenrobot.eventbusp,BackgroundPoster,BackgroundPoster,4,1,1
EventBus,org.greenrobot.eventbusp,BackgroundPoster,enqueue,10,2,2
EventBus,org.greenrobot.eventbusp,BackgroundPoster,run,25,4,0
EventBus,org.greenrobot.eventbusp,EventBusBuilder,EventBusBuilder,2,1,0
EventBus,org.greenrobot.eventbusp,EventBusBuilder,logSubscriberExceptions,4,1,1
EventBus,org.greenrobot.eventbusp,EventBusBuilder,logNoSubscriberMessages,4,1,1
EventBus,org.greenrobot.eventbusp,EventBusBuilder,sendSubscriberExceptionEvent,4,1,1
EventBus,org.greenrobot.eventbusp,EventBusBuilder,sendNoSubscriberEvent,4,1,1
EventBus,org.greenrobot.eventbusp,EventBusBuilder,throwSubscriberException,4,1,1
EventBus,org.greenrobot.eventbusp,EventBusBuilder,eventInheritance,4,1,1
EventBus,org.greenrobot.eventbusp,EventBusBuilder,executorService,4,1,1
EventBus,org.greenrobot.eventbusp,EventBusBuilder,SkipMethodVerificationFor,7,2,1
EventBus,org.greenrobot.eventbusp,EventBusBuilder,ignoreGeneratedIndex,4,1,1
EventBus,org.greenrobot.eventbusp,EventBusBuilder,strictMethodVerification,4,1,1
EventBus,org.greenrobot.eventbusp,EventBusBuilder,addIndex,7,2,1
EventBus,org.greenrobot.eventbusp,EventBusBuilder,logger,4,1,1
EventBus,org.greenrobot.eventbusp,EventBusBuilder,getLogger,8,2,0
EventBus,org.greenrobot.eventbusp,EventBusBuilder,getMainThreadSupport,11,3,0
EventBus,org.greenrobot.eventbusp,EventBusBuilder,installDefaultEventBus,9,2,0
EventBus,org.greenrobot.eventbusp,EventBusBuilder,build,3,1,0
EventBus,org.greenrobot.eventbusp,EventBusSubscriberExceptionTest,testSubscriberExceptionEvent,11,1,0
EventBus,org.greenrobot.eventbusp,EventBusSubscriberExceptionTest,testBadExceptionSubscriber,7,1,0
EventBus,org.greenrobot.eventbusp,EventBusSubscriberExceptionTest,onEvent,3,1,1
EventBus,org.greenrobot.eventbusp,EventBusSubscriberExceptionTest,onEvent,3,1,1
EventBus,org.greenrobot.eventbusp,EventBusSubscriberExceptionTest,onEvent,3,1,1
EventBus,org.greenrobot.eventbusp,BadExceptionSubscriber,onEvent,3,1,1
EventBus,org.greenrobot.eventbusp,EventBusInheritanceTest,setUp,3,1,0
EventBus,org.greenrobot.eventbusp,EventBusInheritanceTest,testEventClassHierarchy,12,1,0
EventBus,org.greenrobot.eventbusp,EventBusInheritanceTest,testEventClassHierarchySticky,9,1,0
EventBus,org.greenrobot.eventbusp,EventBusInheritanceTest,testEventInterfaceHierarchy,8,1,0
EventBus,org.greenrobot.eventbusp,EventBusInheritanceTest,testEventSuperInterfaceHierarchy,8,1,0
EventBus,org.greenrobot.eventbusp,EventBusInheritanceTest,testSubscriberClassHierarchy,15,1,0
EventBus,org.greenrobot.eventbusp,EventBusInheritanceTest,testSubscriberClassHierarchyWithoutNewSubscriberMethod,13,1,0
EventBus,org.greenrobot.eventbusp,EventBusInheritanceTest,onEvent,3,1,1
EventBus,org.greenrobot.eventbusp,EventBusInheritanceTest,onEvent,3,1,1
EventBus,org.greenrobot.eventbusp,EventBusInheritanceTest,onEvent,3,1,1
EventBus,org.greenrobot.eventbusp,EventBusInheritanceTest,onEvent,3,1,1
EventBus,org.greenrobot.eventbusp,EventBusInheritanceTest,onEvent,3,1,1
EventBus,org.greenrobot.eventbusp,EventBusInheritanceTest,onEvent,3,1,1
EventBus,org.greenrobot.eventbusp,EventBusInheritanceTest,onEvent,3,1,1
EventBus,org.greenrobot.eventbusp,EventBusInheritanceTest,onEvent,3,1,1
EventBus,org.greenrobot.eventbusp,EventBusInheritanceTest,onEvent,3,1,1
EventBus,org.greenrobot.eventbusp,EventBusInheritanceTest,onEvent,3,1,1
EventBus,org.greenrobot.eventbusp,StickySubscriber,onEvent,3,1,1
EventBus,org.greenrobot.eventbusp,StickySubscriber,onEvent,3,1,1
EventBus,org.greenrobot.eventbusp,StickySubscriber,onEvent,3,1,1
EventBus,org.greenrobot.eventbusp,StickySubscriber,onEvent,3,1,1
EventBus,org.greenrobot.eventbusp,StickySubscriber,onEvent,3,1,1
EventBus,org.greenrobot.eventbusp,AbstractEventBusTest,AbstractEventBusTest,3,1,0
EventBus,org.greenrobot.eventbusp,AbstractEventBusTest,AbstractEventBusTest,8,2,1
EventBus,org.greenrobot.eventbusp,AbstractEventBusTest,setUpBase,4,1,0
EventBus,org.greenrobot.eventbusp,AbstractEventBusTest,waitForEventCount,20,4,2
EventBus,org.greenrobot.eventbusp,AbstractEventBusTest,trackEvent,8,2,1
EventBus,org.greenrobot.eventbusp,AbstractEventBusTest,assertEventCount,3,1,1
EventBus,org.greenrobot.eventbusp,AbstractEventBusTest,countDownAndAwaitLatch,4,1,2
EventBus,org.greenrobot.eventbusp,AbstractEventBusTest,awaitLatch,8,1,2
EventBus,org.greenrobot.eventbusp,AbstractEventBusTest,log,3,1,1
EventBus,org.greenrobot.eventbusp,AbstractEventBusTest,log,3,1,2
EventBus,org.greenrobot.eventbusp,EventBusInheritanceDisabledSubclassTest,onEvent,3,1,1
EventBus,org.greenrobot.eventbusp,EventBusInheritanceDisabledSubclassTest,testEventClassHierarchy,2,1,0
EventBus,org.greenrobot.eventbusp,EventBusBuilderTest,testThrowSubscriberException,11,1,0
EventBus,org.greenrobot.eventbusp,EventBusBuilderTest,testDoNotSendSubscriberExceptionEvent,7,1,0
EventBus,org.greenrobot.eventbusp,EventBusBuilderTest,testDoNotSendNoSubscriberEvent,6,1,0
EventBus,org.greenrobot.eventbusp,EventBusBuilderTest,testInstallDefaultEventBus,11,1,0
EventBus,org.greenrobot.eventbusp,EventBusBuilderTest,testEventInheritance,5,1,0
EventBus,org.greenrobot.eventbusp,EventBusBuilderTest,onEvent,3,1,1
EventBus,org.greenrobot.eventbusp,EventBusBuilderTest,onEvent,3,1,1
EventBus,org.greenrobot.eventbusp,EventBusBuilderTest,onEvent,3,1,1
EventBus,org.greenrobot.eventbusp,SubscriberExceptionEventTracker,onEvent,3,1,1
EventBus,org.greenrobot.eventbusp,NoSubscriberEventTracker,onEvent,3,1,1
EventBus,org.greenrobot.eventbusp,ThrowingSubscriber,onEvent,3,1,1
EventBus,org.greenrobot.eventbusp,EventBusStickyEventTest,testPostSticky,6,1,0
EventBus,org.greenrobot.eventbusp,EventBusStickyEventTest,testPostStickyTwoEvents,6,1,0
EventBus,org.greenrobot.eventbusp,EventBusStickyEventTest,testPostStickyTwoSubscribers,12,1,0
EventBus,org.greenrobot.eventbusp,EventBusStickyEventTest,testPostStickyRegisterNonSticky,6,1,0
EventBus,org.greenrobot.eventbusp,EventBusStickyEventTest,testPostNonStickyRegisterSticky,6,1,0
EventBus,org.greenrobot.eventbusp,EventBusStickyEventTest,testPostStickyTwice,6,1,0
EventBus,org.greenrobot.eventbusp,EventBusStickyEventTest,testPostStickyThenPostNormal,6,1,0
EventBus,org.greenrobot.eventbusp,EventBusStickyEventTest,testPostStickyWithRegisterAndUnregister,16,1,0
EventBus,org.greenrobot.eventbusp,EventBusStickyEventTest,testPostStickyAndGet,4,1,0
EventBus,org.greenrobot.eventbusp,EventBusStickyEventTest,testPostStickyRemoveClass,8,1,0
EventBus,org.greenrobot.eventbusp,EventBusStickyEventTest,testPostStickyRemoveEvent,8,1,0
EventBus,org.greenrobot.eventbusp,EventBusStickyEventTest,testPostStickyRemoveAll,10,1,0
EventBus,org.greenrobot.eventbusp,EventBusStickyEventTest,testRemoveStickyEventInSubscriber,8,1,0
EventBus,org.greenrobot.eventbusp,EventBusStickyEventTest,onEvent,3,1,1
EventBus,org.greenrobot.eventbusp,EventBusStickyEventTest,onEvent,3,1,1
EventBus,org.greenrobot.eventbusp,EventBusStickyEventTest,onEvent,3,1,1
EventBus,org.greenrobot.eventbusp,EventBusStickyEventTest,onEvent,3,1,1
EventBus,org.greenrobot.eventbusp,EventBusStickyEventTest,onEvent,3,1,1
EventBus,org.greenrobot.eventbusp,EventBusStickyEventTest,onEvent,3,1,1
EventBus,org.greenrobot.eventbusp,RemoveStickySubscriber,onEvent,3,1,1
EventBus,org.greenrobot.eventbusp,NonStickySubscriber,onEvent,3,1,1
EventBus,org.greenrobot.eventbusp,NonStickySubscriber,onEvent,3,1,1
EventBus,org.greenrobot.eventbusp,StickyIntTestSubscriber,onEvent,3,1,1
EventBus,org.greenrobot.eventbusp,EventBusMultithreadedTest,testPost01Thread,3,1,0
EventBus,org.greenrobot.eventbusp,EventBusMultithreadedTest,testPost04Threads,3,1,0
EventBus,org.greenrobot.eventbusp,EventBusMultithreadedTest,testPost40Threads,3,1,0
EventBus,org.greenrobot.eventbusp,EventBusMultithreadedTest,testPostMixedEventType01Thread,3,1,0
EventBus,org.greenrobot.eventbusp,EventBusMultithreadedTest,testPostMixedEventType04Threads,3,1,0
EventBus,org.greenrobot.eventbusp,EventBusMultithreadedTest,testPostMixedEventType40Threads,3,1,0
EventBus,org.greenrobot.eventbusp,EventBusMultithreadedTest,runThreadsSingleEventType,13,1,1
EventBus,org.greenrobot.eventbusp,EventBusMultithreadedTest,runThreadsMixedEventType,3,1,1
EventBus,org.greenrobot.eventbusp,EventBusMultithreadedTest,runThreadsMixedEventType,25,1,2
EventBus,org.greenrobot.eventbusp,EventBusMultithreadedTest,triggerAndWaitForThreads,11,3,2
EventBus,org.greenrobot.eventbusp,EventBusMultithreadedTest,startThreads,9,2,4
EventBus,org.greenrobot.eventbusp,EventBusMultithreadedTest,onEventBackgroundThread,5,1,1
EventBus,org.greenrobot.eventbusp,EventBusMultithreadedTest,onEventMainThread,5,1,1
EventBus,org.greenrobot.eventbusp,EventBusMultithreadedTest,onEventAsync,5,1,1
EventBus,org.greenrobot.eventbusp,EventBusMultithreadedTest,onEvent,4,1,1
EventBus,org.greenrobot.eventbusp,EventBusMultithreadedTest,PosterThread,5,1,3
EventBus,org.greenrobot.eventbusp,EventBusMultithreadedTest,run,12,2,0
EventBus,org.greenrobot.eventbusp,PosterThread,PosterThread,5,1,3
EventBus,org.greenrobot.eventbusp,PosterThread,run,12,2,0
EventBus,org.greenrobot.eventbusp,EventBusInheritanceSubclassTest,onEvent,3,1,1
EventBus,org.greenrobot.eventbusp,EventBusInheritanceSubclassTest,testEventClassHierarchy,2,1,0
EventBus,org.greenrobot.eventbusp,EventBusRegistrationRacingTest,testRacingRegistrations,19,4,0
EventBus,org.greenrobot.eventbusp,EventBusRegistrationRacingTest,startThreads,9,2,0
EventBus,org.greenrobot.eventbusp,EventBusRegistrationRacingTest,run,13,1,0
EventBus,org.greenrobot.eventbusp,EventBusRegistrationRacingTest,onEvent,3,1,1
EventBus,org.greenrobot.eventbusp,SubscriberThread,run,13,1,0
EventBus,org.greenrobot.eventbusp,SubscriberThread,onEvent,3,1,1
EventBus,org.greenrobot.eventbusp,EventBusFallbackToReflectionTest,onEvent,3,1,1
EventBus,org.greenrobot.eventbusp,EventBusFallbackToReflectionTest,onEvent,3,1,1
EventBus,org.greenrobot.eventbusp,EventBusFallbackToReflectionTest,onEvent,3,1,1
EventBus,org.greenrobot.eventbusp,EventBusFallbackToReflectionTest,onEvent,3,1,1
EventBus,org.greenrobot.eventbusp,EventBusFallbackToReflectionTest,onEvent,3,1,1
EventBus,org.greenrobot.eventbusp,EventBusFallbackToReflectionTest,onEvent,3,1,1
EventBus,org.greenrobot.eventbusp,EventBusFallbackToReflectionTest,onEvent,3,1,1
EventBus,org.greenrobot.eventbusp,EventBusFallbackToReflectionTest,EventBusFallbackToReflectionTest,3,1,0
EventBus,org.greenrobot.eventbusp,EventBusFallbackToReflectionTest,testAnonymousSubscriberClass,12,1,0
EventBus,org.greenrobot.eventbusp,EventBusFallbackToReflectionTest,onEvent,3,1,1
EventBus,org.greenrobot.eventbusp,EventBusFallbackToReflectionTest,testAnonymousSubscriberClassWithPublicSuperclass,12,1,0
EventBus,org.greenrobot.eventbusp,EventBusFallbackToReflectionTest,onEvent,3,1,1
EventBus,org.greenrobot.eventbusp,EventBusFallbackToReflectionTest,testAnonymousSubscriberClassWithPrivateSuperclass,6,1,0
EventBus,org.greenrobot.eventbusp,EventBusFallbackToReflectionTest,testSubscriberClassWithPrivateEvent,7,1,0
EventBus,org.greenrobot.eventbusp,EventBusFallbackToReflectionTest,testSubscriberClassWithPublicAndPrivateEvent,10,1,0
EventBus,org.greenrobot.eventbusp,EventBusFallbackToReflectionTest,testSubscriberExtendingClassWithPrivateEvent,7,1,0
EventBus,org.greenrobot.eventbusp,PublicClass,onEvent,3,1,1
EventBus,org.greenrobot.eventbusp,PrivateClass,onEvent,3,1,1
EventBus,org.greenrobot.eventbusp,PublicWithPrivateSuperClass,onEvent,3,1,1
EventBus,org.greenrobot.eventbusp,PublicClassWithPrivateEvent,onEvent,3,1,1
EventBus,org.greenrobot.eventbusp,PublicClassWithPublicAndPrivateEvent,onEvent,3,1,1
EventBus,org.greenrobot.eventbusp,PublicClassWithPublicAndPrivateEvent,onEvent,3,1,1
EventBus,org.greenrobot.eventbusp,PublicWithPrivateEventInSuperclass,onEvent,3,1,1
EventBus,org.greenrobot.eventbusp,EventBusBasicTest,dummy,2,1,0
EventBus,org.greenrobot.eventbusp,EventBusBasicTest,testRegisterAndPost,10,1,0
EventBus,org.greenrobot.eventbusp,EventBusBasicTest,testPostWithoutSubscriber,3,1,0
EventBus,org.greenrobot.eventbusp,EventBusBasicTest,testUnregisterWithoutRegister,3,1,0
EventBus,org.greenrobot.eventbusp,EventBusBasicTest,testUnregisterNotLeaking,12,2,0
EventBus,org.greenrobot.eventbusp,EventBusBasicTest,testRegisterTwice,9,1,0
EventBus,org.greenrobot.eventbusp,EventBusBasicTest,testIsRegistered,7,1,0
EventBus,org.greenrobot.eventbusp,EventBusBasicTest,testPostWithTwoSubscriber,9,1,0
EventBus,org.greenrobot.eventbusp,EventBusBasicTest,testPostMultipleTimes,12,2,0
EventBus,org.greenrobot.eventbusp,EventBusBasicTest,testMultipleSubscribeMethodsForEvent,7,1,0
EventBus,org.greenrobot.eventbusp,EventBusBasicTest,testPostAfterUnregister,6,1,0
EventBus,org.greenrobot.eventbusp,EventBusBasicTest,testRegisterAndPostTwoTypes,9,1,0
EventBus,org.greenrobot.eventbusp,EventBusBasicTest,testRegisterUnregisterAndPostTwoTypes,9,1,0
EventBus,org.greenrobot.eventbusp,EventBusBasicTest,testPostOnDifferentEventBus,5,1,0
EventBus,org.greenrobot.eventbusp,EventBusBasicTest,testPostInEventHandler,10,1,0
EventBus,org.greenrobot.eventbusp,EventBusBasicTest,testHasSubscriberForEvent,7,1,0
EventBus,org.greenrobot.eventbusp,EventBusBasicTest,testHasSubscriberForEventSuperclass,8,1,0
EventBus,org.greenrobot.eventbusp,EventBusBasicTest,testHasSubscriberForEventImplementedInterface,10,1,0
EventBus,org.greenrobot.eventbusp,EventBusBasicTest,onEvent,4,1,1
EventBus,org.greenrobot.eventbusp,EventBusBasicTest,onEvent,4,1,1
EventBus,org.greenrobot.eventbusp,EventBusBasicTest,onEvent,3,1,1
EventBus,org.greenrobot.eventbusp,EventBusBasicTest,onEvent2,3,1,1
EventBus,org.greenrobot.eventbusp,EventBusBasicTest,onEvent,3,1,1
EventBus,org.greenrobot.eventbusp,EventBusBasicTest,onEvent,3,1,1
EventBus,org.greenrobot.eventbusp,EventBusBasicTest,onEvent,2,1,1
EventBus,org.greenrobot.eventbusp,EventBusBasicTest,onEvent,2,1,1
EventBus,org.greenrobot.eventbusp,EventBusBasicTest,onEvent,10,2,1
EventBus,org.greenrobot.eventbusp,WithIndex,dummy,2,1,0
EventBus,org.greenrobot.eventbusp,StringEventSubscriber,onEvent,3,1,1
EventBus,org.greenrobot.eventbusp,CharSequenceSubscriber,onEvent,2,1,1
EventBus,org.greenrobot.eventbusp,ObjectSubscriber,onEvent,2,1,1
EventBus,org.greenrobot.eventbusp,RepostInteger,onEvent,10,2,1
EventBus,org.greenrobot.eventbusp,EventBusIndexTest,testManualIndexWithoutAnnotation,15,1,0
EventBus,org.greenrobot.eventbusp,EventBusIndexTest,getSubscriberInfo,5,1,1
EventBus,org.greenrobot.eventbusp,EventBusIndexTest,someMethodWithoutAnnotation,3,1,1
EventBus,org.greenrobot.eventbusp,EventBusNoSubscriberEventTest,testNoSubscriberEvent,9,1,0
EventBus,org.greenrobot.eventbusp,EventBusNoSubscriberEventTest,testNoSubscriberEventAfterUnregister,6,1,0
EventBus,org.greenrobot.eventbusp,EventBusNoSubscriberEventTest,testBadNoSubscriberSubscriber,10,1,0
EventBus,org.greenrobot.eventbusp,EventBusNoSubscriberEventTest,onEvent,3,1,1
EventBus,org.greenrobot.eventbusp,EventBusNoSubscriberEventTest,onEvent,3,1,1
EventBus,org.greenrobot.eventbusp,EventBusNoSubscriberEventTest,onEvent,2,1,1
EventBus,org.greenrobot.eventbusp,EventBusNoSubscriberEventTest,onEvent,3,1,1
EventBus,org.greenrobot.eventbusp,DummySubscriber,onEvent,2,1,1
EventBus,org.greenrobot.eventbusp,BadNoSubscriberSubscriber,onEvent,3,1,1
EventBus,org.greenrobot.eventbusp,EventBusGenericsTest,onGenericEvent,3,1,1
EventBus,org.greenrobot.eventbusp,EventBusGenericsTest,onGenericEvent,3,1,1
EventBus,org.greenrobot.eventbusp,EventBusGenericsTest,onGenericEvent,3,1,1
EventBus,org.greenrobot.eventbusp,EventBusGenericsTest,testGenericEventAndSubscriber,6,1,0
EventBus,org.greenrobot.eventbusp,EventBusGenericsTest,testGenericEventAndSubscriber_TypeErasure,7,1,0
EventBus,org.greenrobot.eventbusp,EventBusGenericsTest,testGenericEventAndSubscriber_BaseType,9,1,0
EventBus,org.greenrobot.eventbusp,EventBusGenericsTest,testGenericEventAndSubscriber_Subclass,9,1,0
EventBus,org.greenrobot.eventbusp,GenericEventSubscriber,onGenericEvent,3,1,1
EventBus,org.greenrobot.eventbusp,FullGenericEventSubscriber,onGenericEvent,3,1,1
EventBus,org.greenrobot.eventbusp,GenericNumberEventSubscriber,onGenericEvent,3,1,1
EventBus,org.greenrobot.eventbusp,EventBusOrderedSubscriptionsTest,testOrdered,3,1,0
EventBus,org.greenrobot.eventbusp,EventBusOrderedSubscriptionsTest,testOrderedMainThread,3,1,0
EventBus,org.greenrobot.eventbusp,EventBusOrderedSubscriptionsTest,testOrderedBackgroundThread,3,1,0
EventBus,org.greenrobot.eventbusp,EventBusOrderedSubscriptionsTest,testOrderedSticky,3,1,0
EventBus,org.greenrobot.eventbusp,EventBusOrderedSubscriptionsTest,testOrderedMainThreadSticky,3,1,0
EventBus,org.greenrobot.eventbusp,EventBusOrderedSubscriptionsTest,testOrderedBackgroundThreadSticky,3,1,0
EventBus,org.greenrobot.eventbusp,EventBusOrderedSubscriptionsTest,runTestOrdered,8,1,3
EventBus,org.greenrobot.eventbusp,EventBusOrderedSubscriptionsTest,onEventP1,3,1,1
EventBus,org.greenrobot.eventbusp,EventBusOrderedSubscriptionsTest,onEventM1,3,1,1
EventBus,org.greenrobot.eventbusp,EventBusOrderedSubscriptionsTest,onEventP0,3,1,1
EventBus,org.greenrobot.eventbusp,EventBusOrderedSubscriptionsTest,onEventP10,3,1,1
EventBus,org.greenrobot.eventbusp,EventBusOrderedSubscriptionsTest,onEventM100,3,1,1
EventBus,org.greenrobot.eventbusp,EventBusOrderedSubscriptionsTest,onEventMainThreadM1,3,1,1
EventBus,org.greenrobot.eventbusp,EventBusOrderedSubscriptionsTest,onEventMainThreadP0,3,1,1
EventBus,org.greenrobot.eventbusp,EventBusOrderedSubscriptionsTest,onEventMainThreadP1,3,1,1
EventBus,org.greenrobot.eventbusp,EventBusOrderedSubscriptionsTest,onEventBackgroundThreadP1,3,1,1
EventBus,org.greenrobot.eventbusp,EventBusOrderedSubscriptionsTest,onEventBackgroundThreadP0,3,1,1
EventBus,org.greenrobot.eventbusp,EventBusOrderedSubscriptionsTest,onEventBackgroundThreadM1,3,1,1
EventBus,org.greenrobot.eventbusp,EventBusOrderedSubscriptionsTest,handleEvent,8,2,2
EventBus,org.greenrobot.eventbusp,EventBusOrderedSubscriptionsTest,onEventP1,3,1,1
EventBus,org.greenrobot.eventbusp,EventBusOrderedSubscriptionsTest,onEventM1,3,1,1
EventBus,org.greenrobot.eventbusp,EventBusOrderedSubscriptionsTest,onEventP0,3,1,1
EventBus,org.greenrobot.eventbusp,EventBusOrderedSubscriptionsTest,onEventP10,3,1,1
EventBus,org.greenrobot.eventbusp,EventBusOrderedSubscriptionsTest,onEventM100,3,1,1
EventBus,org.greenrobot.eventbusp,EventBusOrderedSubscriptionsTest,onEventMainThreadM1,3,1,1
EventBus,org.greenrobot.eventbusp,EventBusOrderedSubscriptionsTest,onEventMainThreadP0,3,1,1
EventBus,org.greenrobot.eventbusp,EventBusOrderedSubscriptionsTest,onEventMainThreadP1,3,1,1
EventBus,org.greenrobot.eventbusp,EventBusOrderedSubscriptionsTest,onEventBackgroundThreadP1,3,1,1
EventBus,org.greenrobot.eventbusp,EventBusOrderedSubscriptionsTest,onEventBackgroundThreadP0,3,1,1
EventBus,org.greenrobot.eventbusp,EventBusOrderedSubscriptionsTest,onEventBackgroundThreadM1,3,1,1
EventBus,org.greenrobot.eventbusp,EventBusOrderedSubscriptionsTest,handleEvent,8,2,2
EventBus,org.greenrobot.eventbusp,PrioSubscriber,onEventP1,3,1,1
EventBus,org.greenrobot.eventbusp,PrioSubscriber,onEventM1,3,1,1
EventBus,org.greenrobot.eventbusp,PrioSubscriber,onEventP0,3,1,1
EventBus,org.greenrobot.eventbusp,PrioSubscriber,onEventP10,3,1,1
EventBus,org.greenrobot.eventbusp,PrioSubscriber,onEventM100,3,1,1
EventBus,org.greenrobot.eventbusp,PrioSubscriber,onEventMainThreadM1,3,1,1
EventBus,org.greenrobot.eventbusp,PrioSubscriber,onEventMainThreadP0,3,1,1
EventBus,org.greenrobot.eventbusp,PrioSubscriber,onEventMainThreadP1,3,1,1
EventBus,org.greenrobot.eventbusp,PrioSubscriber,onEventBackgroundThreadP1,3,1,1
EventBus,org.greenrobot.eventbusp,PrioSubscriber,onEventBackgroundThreadP0,3,1,1
EventBus,org.greenrobot.eventbusp,PrioSubscriber,onEventBackgroundThreadM1,3,1,1
EventBus,org.greenrobot.eventbusp,PrioSubscriber,handleEvent,8,2,2
EventBus,org.greenrobot.eventbusp,PrioSubscriberSticky,onEventP1,3,1,1
EventBus,org.greenrobot.eventbusp,PrioSubscriberSticky,onEventM1,3,1,1
EventBus,org.greenrobot.eventbusp,PrioSubscriberSticky,onEventP0,3,1,1
EventBus,org.greenrobot.eventbusp,PrioSubscriberSticky,onEventP10,3,1,1
EventBus,org.greenrobot.eventbusp,PrioSubscriberSticky,onEventM100,3,1,1
EventBus,org.greenrobot.eventbusp,PrioSubscriberSticky,onEventMainThreadM1,3,1,1
EventBus,org.greenrobot.eventbusp,PrioSubscriberSticky,onEventMainThreadP0,3,1,1
EventBus,org.greenrobot.eventbusp,PrioSubscriberSticky,onEventMainThreadP1,3,1,1
EventBus,org.greenrobot.eventbusp,PrioSubscriberSticky,onEventBackgroundThreadP1,3,1,1
EventBus,org.greenrobot.eventbusp,PrioSubscriberSticky,onEventBackgroundThreadP0,3,1,1
EventBus,org.greenrobot.eventbusp,PrioSubscriberSticky,onEventBackgroundThreadM1,3,1,1
EventBus,org.greenrobot.eventbusp,PrioSubscriberSticky,handleEvent,8,2,2
EventBus,org.greenrobot.eventbusp,EventBusCancelEventDeliveryTest,testCancel,11,1,0
EventBus,org.greenrobot.eventbusp,EventBusCancelEventDeliveryTest,testCancelInBetween,7,1,0
EventBus,org.greenrobot.eventbusp,EventBusCancelEventDeliveryTest,testCancelOutsideEventHandler,8,1,0
EventBus,org.greenrobot.eventbusp,EventBusCancelEventDeliveryTest,testCancelWrongEvent,6,1,0
EventBus,org.greenrobot.eventbusp,EventBusCancelEventDeliveryTest,Subscriber,4,1,2
EventBus,org.greenrobot.eventbusp,EventBusCancelEventDeliveryTest,onEvent,3,1,1
EventBus,org.greenrobot.eventbusp,EventBusCancelEventDeliveryTest,onEvent1,3,1,1
EventBus,org.greenrobot.eventbusp,EventBusCancelEventDeliveryTest,onEvent2,3,1,1
EventBus,org.greenrobot.eventbusp,EventBusCancelEventDeliveryTest,onEvent3,3,1,1
EventBus,org.greenrobot.eventbusp,EventBusCancelEventDeliveryTest,handleEvent,8,3,2
EventBus,org.greenrobot.eventbusp,EventBusCancelEventDeliveryTest,onEvent,8,1,1
EventBus,org.greenrobot.eventbusp,EventBusCancelEventDeliveryTest,onEventMainThread,9,1,1
EventBus,org.greenrobot.eventbusp,Subscriber,Subscriber,4,1,2
EventBus,org.greenrobot.eventbusp,Subscriber,onEvent,3,1,1
EventBus,org.greenrobot.eventbusp,Subscriber,onEvent1,3,1,1
EventBus,org.greenrobot.eventbusp,Subscriber,onEvent2,3,1,1
EventBus,org.greenrobot.eventbusp,Subscriber,onEvent3,3,1,1
EventBus,org.greenrobot.eventbusp,Subscriber,handleEvent,8,3,2
EventBus,org.greenrobot.eventbusp,SubscriberCancelOtherEvent,onEvent,8,1,1
EventBus,org.greenrobot.eventbusp,SubscriberMainThread,onEventMainThread,9,1,1
EventBus,org.greenrobot.eventbusp,IntTestEvent,IntTestEvent,3,1,1
EventBus,org.greenrobot.eventbusp,EventBusSubscriberLegalTest,testSubscriberLegal,6,1,0
EventBus,org.greenrobot.eventbusp,EventBusSubscriberLegalTest,testSubscriberLegalAbstract,5,1,0
EventBus,org.greenrobot.eventbusp,EventBusSubscriberLegalTest,onEvent,3,1,1
EventBus,org.greenrobot.eventbusp,EventBusSubscriberLegalTest,onEvent,0,1,1
EventBus,org.greenrobot.eventbusp,EventBusSubscriberLegalTest,onEvent,3,1,1
EventBus,org.greenrobot.eventbusp,Abstract,onEvent,0,1,1
EventBus,org.greenrobot.eventbusp,AbstractImpl,onEvent,3,1,1
EventBus,org.greenrobot.eventbusp,EventBusInheritanceDisabledTest,setUp,3,1,0
EventBus,org.greenrobot.eventbusp,EventBusInheritanceDisabledTest,testEventClassHierarchy,12,1,0
EventBus,org.greenrobot.eventbusp,EventBusInheritanceDisabledTest,testEventClassHierarchySticky,9,1,0
EventBus,org.greenrobot.eventbusp,EventBusInheritanceDisabledTest,testEventInterfaceHierarchy,8,1,0
EventBus,org.greenrobot.eventbusp,EventBusInheritanceDisabledTest,testEventSuperInterfaceHierarchy,8,1,0
EventBus,org.greenrobot.eventbusp,EventBusInheritanceDisabledTest,testSubscriberClassHierarchy,15,1,0
EventBus,org.greenrobot.eventbusp,EventBusInheritanceDisabledTest,testSubscriberClassHierarchyWithoutNewSubscriberMethod,13,1,0
EventBus,org.greenrobot.eventbusp,EventBusInheritanceDisabledTest,onEvent,3,1,1
EventBus,org.greenrobot.eventbusp,EventBusInheritanceDisabledTest,onEvent,3,1,1
EventBus,org.greenrobot.eventbusp,EventBusInheritanceDisabledTest,onEvent,3,1,1
EventBus,org.greenrobot.eventbusp,EventBusInheritanceDisabledTest,onEvent,3,1,1
EventBus,org.greenrobot.eventbusp,EventBusInheritanceDisabledTest,onEvent,3,1,1
EventBus,org.greenrobot.eventbusp,EventBusInheritanceDisabledTest,onEvent,3,1,1
EventBus,org.greenrobot.eventbusp,EventBusInheritanceDisabledTest,onEvent,3,1,1
EventBus,org.greenrobot.eventbusp,EventBusInheritanceDisabledTest,onEvent,3,1,1
EventBus,org.greenrobot.eventbusp,EventBusInheritanceDisabledTest,onEvent,3,1,1
EventBus,org.greenrobot.eventbusp,EventBusInheritanceDisabledTest,onEvent,3,1,1
EventBus,org.greenrobot.eventbusp,StickySubscriber,onEvent,3,1,1
EventBus,org.greenrobot.eventbusp,StickySubscriber,onEvent,3,1,1
EventBus,org.greenrobot.eventbusp,StickySubscriber,onEvent,3,1,1
EventBus,org.greenrobot.eventbusp,StickySubscriber,onEvent,3,1,1
EventBus,org.greenrobot.eventbusp,StickySubscriber,onEvent,3,1,1
EventBus,org.greenrobot.eventbusp,EventBusSubscriberInJarTest,testSubscriberInJar,8,1,0
EventBus,org.greenrobot.eventbusp,EventBusBackgroundThreadTest,testPostInCurrentThread,7,1,0
EventBus,org.greenrobot.eventbusp,EventBusBackgroundThreadTest,testPostFromMain,7,1,0
EventBus,org.greenrobot.eventbusp,EventBusBackgroundThreadTest,onEventBackgroundThread,3,1,1
EventBus,org.greenrobot.eventbusp,AbstractAndroidEventBusTest,AbstractAndroidEventBusTest,3,1,0
EventBus,org.greenrobot.eventbusp,AbstractAndroidEventBusTest,AbstractAndroidEventBusTest,3,1,1
EventBus,org.greenrobot.eventbusp,AbstractAndroidEventBusTest,setUpAndroid,4,1,0
EventBus,org.greenrobot.eventbusp,AbstractAndroidEventBusTest,postInMainThread,3,1,1
EventBus,org.greenrobot.eventbusp,AbstractAndroidEventBusTest,EventPostHandler,3,1,1
EventBus,org.greenrobot.eventbusp,AbstractAndroidEventBusTest,handleMessage,3,1,1
EventBus,org.greenrobot.eventbusp,AbstractAndroidEventBusTest,post,3,1,1
EventBus,org.greenrobot.eventbusp,EventPostHandler,EventPostHandler,3,1,1
EventBus,org.greenrobot.eventbusp,EventPostHandler,handleMessage,3,1,1
EventBus,org.greenrobot.eventbusp,EventPostHandler,post,3,1,1
EventBus,org.greenrobot.eventbusp,TestBackgroundPoster,TestBackgroundPoster,4,1,1
EventBus,org.greenrobot.eventbusp,TestBackgroundPoster,run,12,3,0
EventBus,org.greenrobot.eventbusp,TestBackgroundPoster,pollEvent,16,3,0
EventBus,org.greenrobot.eventbusp,TestBackgroundPoster,shutdown,6,1,0
EventBus,org.greenrobot.eventbusp,TestBackgroundPoster,post,16,2,1
EventBus,org.greenrobot.eventbusp,EventBusMainThreadRacingTest,testRacingThreads,37,3,0
EventBus,org.greenrobot.eventbusp,EventBusMainThreadRacingTest,run,4,1,0
EventBus,org.greenrobot.eventbusp,EventBusMainThreadRacingTest,run,4,1,0
EventBus,org.greenrobot.eventbusp,EventBusMainThreadRacingTest,waitForHandler,10,1,1
EventBus,org.greenrobot.eventbusp,EventBusMainThreadRacingTest,run,3,1,0
EventBus,org.greenrobot.eventbusp,EventBusMainThreadRacingTest,onEventMainThread,6,2,1
EventBus,org.greenrobot.eventbusp,EventBusMainThreadRacingTest,BackgroundPoster,3,1,0
EventBus,org.greenrobot.eventbusp,EventBusMainThreadRacingTest,run,9,3,0
EventBus,org.greenrobot.eventbusp,BackgroundPoster,BackgroundPoster,3,1,0
EventBus,org.greenrobot.eventbusp,BackgroundPoster,run,9,3,0
EventBus,org.greenrobot.eventbusp,EventBusMethodModifiersTest,testRegisterForEventTypeAndPost,6,1,0
EventBus,org.greenrobot.eventbusp,EventBusMethodModifiersTest,onEvent,4,1,1
EventBus,org.greenrobot.eventbusp,EventBusMethodModifiersTest,onEventMainThread,4,1,1
EventBus,org.greenrobot.eventbusp,EventBusMethodModifiersTest,onEventBackgroundThread,4,1,1
EventBus,org.greenrobot.eventbusp,EventBusMethodModifiersTest,onEventAsync,4,1,1
EventBus,org.greenrobot.eventbusp,EventBusMainThreadTest,testPost,7,1,0
EventBus,org.greenrobot.eventbusp,EventBusMainThreadTest,testPostInBackgroundThread,11,1,0
EventBus,org.greenrobot.eventbusp,EventBusMainThreadTest,onEventMainThread,3,1,1
EventBus,org.greenrobot.eventbusp,ClassMapPerfTest,testHashMapClassObject,7,2,0
EventBus,org.greenrobot.eventbusp,ClassMapPerfTest,testIdentityHashMapClassObject,7,2,0
EventBus,org.greenrobot.eventbusp,ClassMapPerfTest,testHashMapClassName,7,2,0
EventBus,org.greenrobot.eventbusp,EventBusAndroidOrderTest,setUp,5,1,0
EventBus,org.greenrobot.eventbusp,EventBusAndroidOrderTest,tearDown,4,1,0
EventBus,org.greenrobot.eventbusp,EventBusAndroidOrderTest,backgroundAndMainUnordered,12,1,0
EventBus,org.greenrobot.eventbusp,EventBusAndroidOrderTest,run,4,1,0
EventBus,org.greenrobot.eventbusp,EventBusAndroidOrderTest,backgroundAndMainOrdered,12,1,0
EventBus,org.greenrobot.eventbusp,EventBusAndroidOrderTest,run,4,1,0
EventBus,org.greenrobot.eventbusp,EventBusAndroidOrderTest,onEvent,3,1,1
EventBus,org.greenrobot.eventbusp,EventBusAndroidOrderTest,onEvent,3,1,1
EventBus,org.greenrobot.eventbusp,EventBusAndroidOrderTest,OrderedEvent,3,1,1
EventBus,org.greenrobot.eventbusp,OrderedEvent,OrderedEvent,3,1,1
EventBus,org.greenrobot.eventbusp,EventBusAndroidMultithreadedTest,testSubscribeUnSubscribeAndPostMixedEventType,15,4,0
EventBus,org.greenrobot.eventbusp,EventBusAndroidMultithreadedTest,shutdown,3,1,0
EventBus,org.greenrobot.eventbusp,EventBusAndroidMultithreadedTest,run,18,4,0
EventBus,org.greenrobot.eventbusp,EventBusAndroidMultithreadedTest,onEventMainThread,3,1,1
EventBus,org.greenrobot.eventbusp,EventBusAndroidMultithreadedTest,onEventBackgroundThread,3,1,1
EventBus,org.greenrobot.eventbusp,EventBusAndroidMultithreadedTest,onEvent,3,1,1
EventBus,org.greenrobot.eventbusp,EventBusAndroidMultithreadedTest,onEventAsync,3,1,1
EventBus,org.greenrobot.eventbusp,SubscribeUnsubscribeThread,shutdown,3,1,0
EventBus,org.greenrobot.eventbusp,SubscribeUnsubscribeThread,run,18,4,0
EventBus,org.greenrobot.eventbusp,SubscribeUnsubscribeThread,onEventMainThread,3,1,1
EventBus,org.greenrobot.eventbusp,SubscribeUnsubscribeThread,onEventBackgroundThread,3,1,1
EventBus,org.greenrobot.eventbusp,SubscribeUnsubscribeThread,onEvent,3,1,1
EventBus,org.greenrobot.eventbusp,SubscribeUnsubscribeThread,onEventAsync,3,1,1
EventBus,org.greenrobot.eventbusp,AndroidComponentsAvailabilityTest,shouldBeAvailable,4,1,0
EventBus,org.greenrobot.eventbusp,EventBusAndroidCancelEventDeliveryTest,testCancelInMainThread,8,1,0
EventBus,org.greenrobot.eventbusp,EventBusAndroidActivityTest,dummy,2,1,0
EventBus,org.greenrobot.eventbusp,EventBusAndroidActivityTest,testRegisterAndPost,10,1,0
EventBus,org.greenrobot.eventbusp,EventBusAndroidActivityTest,onEvent,3,1,1
EventBus,org.greenrobot.eventbusp,WithIndex,dummy,2,1,0
EventBus,org.greenrobot.eventbusp,TestActivity,onEvent,3,1,1
EventBus,org.greenrobot.eventbusp,SubscriberInJar,collectString,3,1,1
EventBus,org.greenrobot.eventbusp,SubscriberInJar,getCollectedStrings,3,1,0
EventBus,org.greenrobot.eventbusp,HandlerPoster,HandlerPoster,6,1,3
EventBus,org.greenrobot.eventbusp,HandlerPoster,enqueue,12,3,2
EventBus,org.greenrobot.eventbusp,HandlerPoster,handleMessage,30,6,1
EventBus,org.greenrobot.eventbusp.util,ThrowableFailureEvent,ThrowableFailureEvent,4,1,1
EventBus,org.greenrobot.eventbusp.util,ThrowableFailureEvent,ThrowableFailureEvent,4,1,2
EventBus,org.greenrobot.eventbusp.util,ThrowableFailureEvent,getThrowable,3,1,0
EventBus,org.greenrobot.eventbusp.util,ThrowableFailureEvent,isSuppressErrorUi,3,1,0
EventBus,org.greenrobot.eventbusp.util,ThrowableFailureEvent,getExecutionScope,3,1,0
EventBus,org.greenrobot.eventbusp.util,ThrowableFailureEvent,setExecutionScope,3,1,1
EventBus,org.greenrobot.eventbusp.util,AsyncExecutor,Builder,2,1,0
EventBus,org.greenrobot.eventbusp.util,AsyncExecutor,threadPool,4,1,1
EventBus,org.greenrobot.eventbusp.util,AsyncExecutor,failureEventType,4,1,1
EventBus,org.greenrobot.eventbusp.util,AsyncExecutor,eventBus,4,1,1
EventBus,org.greenrobot.eventbusp.util,AsyncExecutor,build,3,1,0
EventBus,org.greenrobot.eventbusp.util,AsyncExecutor,buildForScope,12,4,1
EventBus,org.greenrobot.eventbusp.util,AsyncExecutor,run,0,1,0
EventBus,org.greenrobot.eventbusp.util,AsyncExecutor,builder,3,1,0
EventBus,org.greenrobot.eventbusp.util,AsyncExecutor,create,3,1,0
EventBus,org.greenrobot.eventbusp.util,AsyncExecutor,AsyncExecutor,11,1,4
EventBus,org.greenrobot.eventbusp.util,AsyncExecutor,execute,22,2,1
EventBus,org.greenrobot.eventbusp.util,Builder,Builder,2,1,0
EventBus,org.greenrobot.eventbusp.util,Builder,threadPool,4,1,1
EventBus,org.greenrobot.eventbusp.util,Builder,failureEventType,4,1,1
EventBus,org.greenrobot.eventbusp.util,Builder,eventBus,4,1,1
EventBus,org.greenrobot.eventbusp.util,Builder,build,3,1,0
EventBus,org.greenrobot.eventbusp.util,Builder,buildForScope,12,4,1
EventBus,org.greenrobot.eventbusp.util,RunnableEx,run,0,1,0
EventBus,org.greenrobot.eventbusp.util,ExceptionToResourceMapping,ExceptionToResourceMapping,3,1,0
EventBus,org.greenrobot.eventbusp.util,ExceptionToResourceMapping,mapThrowable,19,4,1
EventBus,org.greenrobot.eventbusp.util,ExceptionToResourceMapping,mapThrowableFlat,18,5,1
EventBus,org.greenrobot.eventbusp.util,ExceptionToResourceMapping,addMapping,4,1,2
EventBus,org.greenrobot.eventbusp.util,HasExecutionScope,getExecutionScope,0,1,0
EventBus,org.greenrobot.eventbusp.util,HasExecutionScope,setExecutionScope,0,1,1
EventBus,org.greenrobot.eventbusp.meta,SubscriberInfo,getSubscriberClass,0,1,0
EventBus,org.greenrobot.eventbusp.meta,SubscriberInfo,getSubscriberMethods,0,1,0
EventBus,org.greenrobot.eventbusp.meta,SubscriberInfo,getSuperSubscriberInfo,0,1,0
EventBus,org.greenrobot.eventbusp.meta,SubscriberInfo,shouldCheckSuperclass,0,1,0
EventBus,org.greenrobot.eventbusp.meta,SimpleSubscriberInfo,SimpleSubscriberInfo,4,1,3
EventBus,org.greenrobot.eventbusp.meta,SimpleSubscriberInfo,getSubscriberMethods,9,2,0
EventBus,org.greenrobot.eventbusp.meta,SubscriberInfoIndex,getSubscriberInfo,0,1,1
EventBus,org.greenrobot.eventbusp.meta,SubscriberMethodInfo,SubscriberMethodInfo,7,1,5
EventBus,org.greenrobot.eventbusp.meta,SubscriberMethodInfo,SubscriberMethodInfo,3,1,2
EventBus,org.greenrobot.eventbusp.meta,SubscriberMethodInfo,SubscriberMethodInfo,3,1,3
EventBus,org.greenrobot.eventbusp.meta,AbstractSubscriberInfo,AbstractSubscriberInfo,5,1,3
EventBus,org.greenrobot.eventbusp.meta,AbstractSubscriberInfo,getSubscriberClass,3,1,0
EventBus,org.greenrobot.eventbusp.meta,AbstractSubscriberInfo,getSuperSubscriberInfo,14,2,0
EventBus,org.greenrobot.eventbusp.meta,AbstractSubscriberInfo,shouldCheckSuperclass,3,1,0
EventBus,org.greenrobot.eventbusp.meta,AbstractSubscriberInfo,createSubscriberMethod,3,1,2
EventBus,org.greenrobot.eventbusp.meta,AbstractSubscriberInfo,createSubscriberMethod,3,1,3
EventBus,org.greenrobot.eventbusp.meta,AbstractSubscriberInfo,createSubscriberMethod,9,1,5
EventBus,org.greenrobot.eventbusp.android,AndroidComponents,areAvailable,3,1,0
EventBus,org.greenrobot.eventbusp.android,AndroidComponents,get,3,1,0
EventBus,org.greenrobot.eventbusp.android,AndroidComponents,AndroidComponents,4,1,2
EventBus,org.greenrobot.eventbusp.android,AndroidDependenciesDetector,isAndroidSDKAvailable,17,1,0
EventBus,org.greenrobot.eventbusp.android,AndroidDependenciesDetector,areAndroidComponentsAvailable,9,1,0
EventBus,org.greenrobot.eventbusp.android,AndroidDependenciesDetector,instantiateAndroidComponents,9,1,0
EventBus,org.greenrobot.eventbusp.android,AndroidComponentsImpl,AndroidComponentsImpl,3,1,0
EventBus,org.greenrobot.eventbusp.android,AndroidLogger,AndroidLogger,3,1,1
EventBus,org.greenrobot.eventbusp.android,AndroidLogger,log,5,2,2
EventBus,org.greenrobot.eventbusp.android,AndroidLogger,log,5,2,3
EventBus,org.greenrobot.eventbusp.android,AndroidLogger,mapLevel,20,5,1
EventBus,org.greenrobot.eventbusp.android,DefaultAndroidMainThreadSupport,isMainThread,3,1,0
EventBus,org.greenrobot.eventbusp.android,DefaultAndroidMainThreadSupport,createPoster,3,1,1
EventBus,org.greenrobot.eventbusp.indexed,EventBusInheritanceDisabledTestWithIndex,setUp,3,1,0
EventBus,org.greenrobot.eventbusp.indexed,EventBusMainThreadTestWithIndex,overwriteEventBus,3,1,0
EventBus,org.greenrobot.eventbusp.indexed,EventBusMainThreadRacingTestWithIndex,overwriteEventBus,3,1,0
EventBus,org.greenrobot.eventbusp.indexed,EventBusAndroidOrderTestWithIndex,setUp,4,1,0
EventBus,org.greenrobot.eventbusp.indexed,EventBusOrderedSubscriptionsTestWithIndex,overwriteEventBus,3,1,0
EventBus,org.greenrobot.eventbusp.indexed,EventBusMethodModifiersTestWithIndex,overwriteEventBus,3,1,0
EventBus,org.greenrobot.eventbusp.indexed,EventBusMultithreadedTestWithIndex,overwriteEventBus,3,1,0
EventBus,org.greenrobot.eventbusp.indexed,EventBusInheritanceTestWithIndex,overwriteEventBus,3,1,0
EventBus,org.greenrobot.eventbusp.indexed,EventBusRegistrationRacingTestWithIndex,overwriteEventBus,3,1,0
EventBus,org.greenrobot.eventbusp.indexed,EventBusFallbackToReflectionTestWithIndex,overwriteEventBus,3,1,0
EventBus,org.greenrobot.eventbusp.indexed,EventBusSubscriberExceptionTestWithIndex,overwriteEventBus,3,1,0
EventBus,org.greenrobot.eventbusp.indexed,EventBusGenericsTestWithIndex,overwriteEventBus,3,1,0
EventBus,org.greenrobot.eventbusp.indexed,EventBusStickyEventTestWithIndex,overwriteEventBus,3,1,0
EventBus,org.greenrobot.eventbusp.indexed,EventBusBasicTestWithIndex,overwriteEventBus,3,1,0
EventBus,org.greenrobot.eventbusp.indexed,EventBusBasicTestWithIndex,testIndex,3,1,0
EventBus,org.greenrobot.eventbusp.indexed,EventBusSubscriberInJarTestWithIndex,overwriteEventBus,3,1,0
EventBus,org.greenrobot.eventbusp.indexed,Indexed,build,3,1,0
EventBus,org.greenrobot.eventbusp.indexed,EventBusCancelEventDeliveryTestWithIndex,overwriteEventBus,3,1,0
EventBus,org.greenrobot.eventbusp.indexed,EventBusBackgroundThreadTestWithIndex,overwriteEventBus,3,1,0
EventBus,org.greenrobot.eventbusp.indexed,EventBusBackgroundThreadTestWithIndex,testIndex,3,1,0
EventBus,org.greenrobot.eventbusp.indexed,EventBusNoSubscriberEventTestWithIndex,overwriteEventBus,3,1,0
EventBus,org.greenrobot.eventbusperf,TestSetupActivity,onCreate,15,1,1
EventBus,org.greenrobot.eventbusperf,TestSetupActivity,onItemSelected,5,1,4
EventBus,org.greenrobot.eventbusperf,TestSetupActivity,onNothingSelected,2,1,1
EventBus,org.greenrobot.eventbusperf,TestSetupActivity,checkEventBus,6,1,1
EventBus,org.greenrobot.eventbusperf,TestSetupActivity,startClick,22,1,1
EventBus,org.greenrobot.eventbusperf,TestSetupActivity,initTestClasses,18,5,1
EventBus,org.greenrobot.eventbusperf,TestRunner,TestRunner,15,2,3
EventBus,org.greenrobot.eventbusperf,TestRunner,run,22,4,0
EventBus,org.greenrobot.eventbusperf,TestRunner,getTests,3,1,0
EventBus,org.greenrobot.eventbusperf,TestRunner,cancel,6,2,0
EventBus,org.greenrobot.eventbusperf,TestRunnerActivity,onCreate,7,1,1
EventBus,org.greenrobot.eventbusperf,TestRunnerActivity,onResume,12,3,0
EventBus,org.greenrobot.eventbusperf,TestRunnerActivity,onEventMainThread,14,3,1
EventBus,org.greenrobot.eventbusperf,TestRunnerActivity,onClickCancel,7,2,1
EventBus,org.greenrobot.eventbusperf,TestRunnerActivity,onClickKillProcess,3,1,1
EventBus,org.greenrobot.eventbusperf,TestRunnerActivity,onDestroy,7,2,0
EventBus,org.greenrobot.eventbusperf,Test,Test,4,1,2
EventBus,org.greenrobot.eventbusperf,Test,runTest,0,1,0
EventBus,org.greenrobot.eventbusperf,Test,cancel,3,1,0
EventBus,org.greenrobot.eventbusperf,Test,prepareTest,0,1,0
EventBus,org.greenrobot.eventbusperf,TestFinishedEvent,TestFinishedEvent,4,1,2
EventBus,org.greenrobot.eventbusperf,TestParams,getEventCount,3,1,0
EventBus,org.greenrobot.eventbusperf,TestParams,setEventCount,3,1,1
EventBus,org.greenrobot.eventbusperf,TestParams,getSubscriberCount,3,1,0
EventBus,org.greenrobot.eventbusperf,TestParams,setSubscriberCount,3,1,1
EventBus,org.greenrobot.eventbusperf,TestParams,getPublisherCount,3,1,0
EventBus,org.greenrobot.eventbusperf,TestParams,setPublisherCount,3,1,1
EventBus,org.greenrobot.eventbusperf,TestParams,getThreadMode,3,1,0
EventBus,org.greenrobot.eventbusperf,TestParams,setThreadMode,3,1,1
EventBus,org.greenrobot.eventbusperf,TestParams,isEventInheritance,3,1,0
EventBus,org.greenrobot.eventbusperf,TestParams,setEventInheritance,3,1,1
EventBus,org.greenrobot.eventbusperf,TestParams,isIgnoreGeneratedIndex,3,1,0
EventBus,org.greenrobot.eventbusperf,TestParams,setIgnoreGeneratedIndex,3,1,1
EventBus,org.greenrobot.eventbusperf,TestParams,getTestClasses,3,1,0
EventBus,org.greenrobot.eventbusperf,TestParams,setTestClasses,3,1,1
EventBus,org.greenrobot.eventbusperf,TestParams,getTestNumber,3,1,0
EventBus,org.greenrobot.eventbusperf,TestParams,setTestNumber,3,1,1
EventBus,org.greenrobot.eventbusperf,TestResult,TestResult,5,1,3
EventBus,org.greenrobot.eventbusperf,TestResult,TestResult,2,1,0
EventBus,org.greenrobot.eventbusperf,TestResult,getPrimaryResultMicros,3,1,0
EventBus,org.greenrobot.eventbusperf,TestResult,getPrimaryResultRate,3,1,0
EventBus,org.greenrobot.eventbusperf,TestResult,getOtherTestResults,3,1,0
EventBus,org.greenrobot.eventbusperf.testsubject,PerfTestOtto,PerfTestOtto,8,1,2
EventBus,org.greenrobot.eventbusperf.testsubject,PerfTestOtto,prepareTest,13,2,0
EventBus,org.greenrobot.eventbusperf.testsubject,PerfTestOtto,Post,3,1,2
EventBus,org.greenrobot.eventbusperf.testsubject,PerfTestOtto,prepareTest,4,1,0
EventBus,org.greenrobot.eventbusperf.testsubject,PerfTestOtto,runTest,14,3,0
EventBus,org.greenrobot.eventbusperf.testsubject,PerfTestOtto,getDisplayName,3,1,0
EventBus,org.greenrobot.eventbusperf.testsubject,PerfTestOtto,RegisterAll,3,1,2
EventBus,org.greenrobot.eventbusperf.testsubject,PerfTestOtto,runTest,6,1,0
EventBus,org.greenrobot.eventbusperf.testsubject,PerfTestOtto,getDisplayName,3,1,0
EventBus,org.greenrobot.eventbusperf.testsubject,PerfTestOtto,RegisterOneByOne,3,1,2
EventBus,org.greenrobot.eventbusperf.testsubject,PerfTestOtto,runTest,29,5,0
EventBus,org.greenrobot.eventbusperf.testsubject,PerfTestOtto,getDisplayName,3,1,0
EventBus,org.greenrobot.eventbusperf.testsubject,PerfTestOtto,RegisterFirstTime,11,1,2
EventBus,org.greenrobot.eventbusperf.testsubject,PerfTestOtto,getDisplayName,3,1,0
EventBus,org.greenrobot.eventbusperf.testsubject,PerfTestOtto,Subscriber,2,1,0
EventBus,org.greenrobot.eventbusperf.testsubject,PerfTestOtto,onEvent,3,1,1
EventBus,org.greenrobot.eventbusperf.testsubject,PerfTestOtto,dummy,2,1,0
EventBus,org.greenrobot.eventbusperf.testsubject,PerfTestOtto,dummy2,2,1,0
EventBus,org.greenrobot.eventbusperf.testsubject,PerfTestOtto,dummy3,2,1,0
EventBus,org.greenrobot.eventbusperf.testsubject,PerfTestOtto,dummy4,2,1,0
EventBus,org.greenrobot.eventbusperf.testsubject,PerfTestOtto,dummy5,2,1,0
EventBus,org.greenrobot.eventbusperf.testsubject,PerfTestOtto,registerSubscribers,13,3,0
EventBus,org.greenrobot.eventbusperf.testsubject,PerfTestOtto,registerUnregisterOneSubscribers,7,2,0
EventBus,org.greenrobot.eventbusperf.testsubject,Post,Post,3,1,2
EventBus,org.greenrobot.eventbusperf.testsubject,Post,prepareTest,4,1,0
EventBus,org.greenrobot.eventbusperf.testsubject,Post,runTest,14,3,0
EventBus,org.greenrobot.eventbusperf.testsubject,Post,getDisplayName,3,1,0
EventBus,org.greenrobot.eventbusperf.testsubject,RegisterAll,RegisterAll,3,1,2
EventBus,org.greenrobot.eventbusperf.testsubject,RegisterAll,runTest,6,1,0
EventBus,org.greenrobot.eventbusperf.testsubject,RegisterAll,getDisplayName,3,1,0
EventBus,org.greenrobot.eventbusperf.testsubject,RegisterOneByOne,RegisterOneByOne,3,1,2
EventBus,org.greenrobot.eventbusperf.testsubject,RegisterOneByOne,runTest,29,5,0
EventBus,org.greenrobot.eventbusperf.testsubject,RegisterOneByOne,getDisplayName,3,1,0
EventBus,org.greenrobot.eventbusperf.testsubject,RegisterFirstTime,RegisterFirstTime,11,1,2
EventBus,org.greenrobot.eventbusperf.testsubject,RegisterFirstTime,getDisplayName,3,1,0
EventBus,org.greenrobot.eventbusperf.testsubject,Subscriber,Subscriber,2,1,0
EventBus,org.greenrobot.eventbusperf.testsubject,Subscriber,onEvent,3,1,1
EventBus,org.greenrobot.eventbusperf.testsubject,Subscriber,dummy,2,1,0
EventBus,org.greenrobot.eventbusperf.testsubject,Subscriber,dummy2,2,1,0
EventBus,org.greenrobot.eventbusperf.testsubject,Subscriber,dummy3,2,1,0
EventBus,org.greenrobot.eventbusperf.testsubject,Subscriber,dummy4,2,1,0
EventBus,org.greenrobot.eventbusperf.testsubject,Subscriber,dummy5,2,1,0
EventBus,org.greenrobot.eventbusperf.testsubject,SubscribeClassEventBusDefault,SubscribeClassEventBusDefault,3,1,1
EventBus,org.greenrobot.eventbusperf.testsubject,SubscribeClassEventBusDefault,onEvent,3,1,1
EventBus,org.greenrobot.eventbusperf.testsubject,SubscribeClassEventBusDefault,dummy,2,1,0
EventBus,org.greenrobot.eventbusperf.testsubject,SubscribeClassEventBusDefault,dummy2,2,1,0
EventBus,org.greenrobot.eventbusperf.testsubject,SubscribeClassEventBusDefault,dummy3,2,1,0
EventBus,org.greenrobot.eventbusperf.testsubject,SubscribeClassEventBusDefault,dummy4,2,1,0
EventBus,org.greenrobot.eventbusperf.testsubject,SubscribeClassEventBusDefault,dummy5,2,1,0
EventBus,org.greenrobot.eventbusperf.testsubject,PerfTestEventBus,PerfTestEventBus,8,1,2
EventBus,org.greenrobot.eventbusperf.testsubject,PerfTestEventBus,prepareTest,12,2,0
EventBus,org.greenrobot.eventbusperf.testsubject,PerfTestEventBus,getSubscriberClassForThreadMode,16,6,0
EventBus,org.greenrobot.eventbusperf.testsubject,PerfTestEventBus,getDisplayModifier,5,1,1
EventBus,org.greenrobot.eventbusperf.testsubject,PerfTestEventBus,Post,3,1,2
EventBus,org.greenrobot.eventbusperf.testsubject,PerfTestEventBus,prepareTest,4,1,0
EventBus,org.greenrobot.eventbusperf.testsubject,PerfTestEventBus,runTest,18,3,0
EventBus,org.greenrobot.eventbusperf.testsubject,PerfTestEventBus,getDisplayName,3,1,0
EventBus,org.greenrobot.eventbusperf.testsubject,PerfTestEventBus,RegisterAll,3,1,2
EventBus,org.greenrobot.eventbusperf.testsubject,PerfTestEventBus,runTest,6,1,0
EventBus,org.greenrobot.eventbusperf.testsubject,PerfTestEventBus,getDisplayName,3,1,0
EventBus,org.greenrobot.eventbusperf.testsubject,PerfTestEventBus,RegisterOneByOne,3,1,2
EventBus,org.greenrobot.eventbusperf.testsubject,PerfTestEventBus,runTest,29,5,0
EventBus,org.greenrobot.eventbusperf.testsubject,PerfTestEventBus,getDisplayName,3,1,0
EventBus,org.greenrobot.eventbusperf.testsubject,PerfTestEventBus,RegisterFirstTime,11,1,2
EventBus,org.greenrobot.eventbusperf.testsubject,PerfTestEventBus,getDisplayName,3,1,0
EventBus,org.greenrobot.eventbusperf.testsubject,PerfTestEventBus,onEventMainThread,3,1,1
EventBus,org.greenrobot.eventbusperf.testsubject,PerfTestEventBus,dummy,2,1,0
EventBus,org.greenrobot.eventbusperf.testsubject,PerfTestEventBus,dummy2,2,1,0
EventBus,org.greenrobot.eventbusperf.testsubject,PerfTestEventBus,dummy3,2,1,0
EventBus,org.greenrobot.eventbusperf.testsubject,PerfTestEventBus,dummy4,2,1,0
EventBus,org.greenrobot.eventbusperf.testsubject,PerfTestEventBus,dummy5,2,1,0
EventBus,org.greenrobot.eventbusperf.testsubject,PerfTestEventBus,onEvent,3,1,1
EventBus,org.greenrobot.eventbusperf.testsubject,PerfTestEventBus,dummy,2,1,0
EventBus,org.greenrobot.eventbusperf.testsubject,PerfTestEventBus,dummy2,2,1,0
EventBus,org.greenrobot.eventbusperf.testsubject,PerfTestEventBus,dummy3,2,1,0
EventBus,org.greenrobot.eventbusperf.testsubject,PerfTestEventBus,dummy4,2,1,0
EventBus,org.greenrobot.eventbusperf.testsubject,PerfTestEventBus,dummy5,2,1,0
EventBus,org.greenrobot.eventbusperf.testsubject,PerfTestEventBus,onEventBackgroundThread,3,1,1
EventBus,org.greenrobot.eventbusperf.testsubject,PerfTestEventBus,dummy,2,1,0
EventBus,org.greenrobot.eventbusperf.testsubject,PerfTestEventBus,dummy2,2,1,0
EventBus,org.greenrobot.eventbusperf.testsubject,PerfTestEventBus,dummy3,2,1,0
EventBus,org.greenrobot.eventbusperf.testsubject,PerfTestEventBus,dummy4,2,1,0
EventBus,org.greenrobot.eventbusperf.testsubject,PerfTestEventBus,dummy5,2,1,0
EventBus,org.greenrobot.eventbusperf.testsubject,PerfTestEventBus,onEventAsync,3,1,1
EventBus,org.greenrobot.eventbusperf.testsubject,PerfTestEventBus,dummy,2,1,0
EventBus,org.greenrobot.eventbusperf.testsubject,PerfTestEventBus,dummy2,2,1,0
EventBus,org.greenrobot.eventbusperf.testsubject,PerfTestEventBus,dummy3,2,1,0
EventBus,org.greenrobot.eventbusperf.testsubject,PerfTestEventBus,dummy4,2,1,0
EventBus,org.greenrobot.eventbusperf.testsubject,PerfTestEventBus,dummy5,2,1,0
EventBus,org.greenrobot.eventbusperf.testsubject,PerfTestEventBus,registerSubscribers,13,3,0
EventBus,org.greenrobot.eventbusperf.testsubject,PerfTestEventBus,registerUnregisterOneSubscribers,7,2,0
EventBus,org.greenrobot.eventbusperf.testsubject,Post,Post,3,1,2
EventBus,org.greenrobot.eventbusperf.testsubject,Post,prepareTest,4,1,0
EventBus,org.greenrobot.eventbusperf.testsubject,Post,runTest,18,3,0
EventBus,org.greenrobot.eventbusperf.testsubject,Post,getDisplayName,3,1,0
EventBus,org.greenrobot.eventbusperf.testsubject,RegisterAll,RegisterAll,3,1,2
EventBus,org.greenrobot.eventbusperf.testsubject,RegisterAll,runTest,6,1,0
EventBus,org.greenrobot.eventbusperf.testsubject,RegisterAll,getDisplayName,3,1,0
EventBus,org.greenrobot.eventbusperf.testsubject,RegisterOneByOne,RegisterOneByOne,3,1,2
EventBus,org.greenrobot.eventbusperf.testsubject,RegisterOneByOne,runTest,29,5,0
EventBus,org.greenrobot.eventbusperf.testsubject,RegisterOneByOne,getDisplayName,3,1,0
EventBus,org.greenrobot.eventbusperf.testsubject,RegisterFirstTime,RegisterFirstTime,11,1,2
EventBus,org.greenrobot.eventbusperf.testsubject,RegisterFirstTime,getDisplayName,3,1,0
EventBus,org.greenrobot.eventbusperf.testsubject,SubscribeClassEventBusMain,onEventMainThread,3,1,1
EventBus,org.greenrobot.eventbusperf.testsubject,SubscribeClassEventBusMain,dummy,2,1,0
EventBus,org.greenrobot.eventbusperf.testsubject,SubscribeClassEventBusMain,dummy2,2,1,0
EventBus,org.greenrobot.eventbusperf.testsubject,SubscribeClassEventBusMain,dummy3,2,1,0
EventBus,org.greenrobot.eventbusperf.testsubject,SubscribeClassEventBusMain,dummy4,2,1,0
EventBus,org.greenrobot.eventbusperf.testsubject,SubscribeClassEventBusMain,dummy5,2,1,0
EventBus,org.greenrobot.eventbusperf.testsubject,SubscribeClassEventBusMainOrdered,onEvent,3,1,1
EventBus,org.greenrobot.eventbusperf.testsubject,SubscribeClassEventBusMainOrdered,dummy,2,1,0
EventBus,org.greenrobot.eventbusperf.testsubject,SubscribeClassEventBusMainOrdered,dummy2,2,1,0
EventBus,org.greenrobot.eventbusperf.testsubject,SubscribeClassEventBusMainOrdered,dummy3,2,1,0
EventBus,org.greenrobot.eventbusperf.testsubject,SubscribeClassEventBusMainOrdered,dummy4,2,1,0
EventBus,org.greenrobot.eventbusperf.testsubject,SubscribeClassEventBusMainOrdered,dummy5,2,1,0
EventBus,org.greenrobot.eventbusperf.testsubject,SubscribeClassEventBusBackground,onEventBackgroundThread,3,1,1
EventBus,org.greenrobot.eventbusperf.testsubject,SubscribeClassEventBusBackground,dummy,2,1,0
EventBus,org.greenrobot.eventbusperf.testsubject,SubscribeClassEventBusBackground,dummy2,2,1,0
EventBus,org.greenrobot.eventbusperf.testsubject,SubscribeClassEventBusBackground,dummy3,2,1,0
EventBus,org.greenrobot.eventbusperf.testsubject,SubscribeClassEventBusBackground,dummy4,2,1,0
EventBus,org.greenrobot.eventbusperf.testsubject,SubscribeClassEventBusBackground,dummy5,2,1,0
EventBus,org.greenrobot.eventbusperf.testsubject,SubscriberClassEventBusAsync,onEventAsync,3,1,1
EventBus,org.greenrobot.eventbusperf.testsubject,SubscriberClassEventBusAsync,dummy,2,1,0
EventBus,org.greenrobot.eventbusperf.testsubject,SubscriberClassEventBusAsync,dummy2,2,1,0
EventBus,org.greenrobot.eventbusperf.testsubject,SubscriberClassEventBusAsync,dummy3,2,1,0
EventBus,org.greenrobot.eventbusperf.testsubject,SubscriberClassEventBusAsync,dummy4,2,1,0
EventBus,org.greenrobot.eventbusperf.testsubject,SubscriberClassEventBusAsync,dummy5,2,1,0
